incident_id,entity,kpi,peak_abs_z
db_001_1,db_001,New_Tbs_Free_Gb,17798894231.366
db_001_1,db_001,Logic_Read_Per_Sec,63819.38196527778
db_001_1,db_001,Redo_Per_Sec,24855.000827040814
db_001_1,db_001,Exec_Per_Sec,597.7997142857148
db_001_1,db_001,LFParaWrite_Per_Sec,152.21216666666655
db_002_1,db_002,Logic_Read_Per_Sec,54.66148
db_002_1,db_002,LFParaWrite_Per_Sec,4.721499999999996
db_002_1,db_002,LFSync_Per_Sec,3.5973333333333306
db_002_2,db_002,Logic_Read_Per_Sec,4172.5819074074025
db_002_2,db_002,Redo_Per_Sec,436.4619973226236
db_002_2,db_002,Exec_Per_Sec,66.5506666666665
db_002_2,db_002,LFParaWrite_Per_Sec,31.70150000000015
db_002_2,db_002,LFSync_Per_Sec,30.80216666666664
db_002_3,db_002,Logic_Read_Per_Sec,97077.01067021271
db_002_3,db_002,Redo_Per_Sec,34358.087412597626
db_002_3,db_002,LFParaWrite_Per_Sec,153.11149999999986
db_002_3,db_002,Exec_Per_Sec,49.23850000000018
db_002_3,db_002,Session_pct,47.98585714285715
db_002_4,db_002,Logic_Read_Per_Sec,80793.55347457639
db_002_4,db_002,Redo_Per_Sec,333.46339370748325
db_002_4,db_002,Call_Per_Sec,70.822499999999
db_002_4,db_002,DFParaWrite_Per_Sec,56.65799999999996
db_002_4,db_002,DbTime,35.85499999999999
db_002_5,db_002,Logic_Read_Per_Sec,1936.326689655173
db_002_5,db_002,Redo_Per_Sec,324.3992320261431
db_002_5,db_002,Call_Per_Sec,68.12449999999905
db_002_5,db_002,Exec_Per_Sec,27.654499999999885
db_002_5,db_002,DFParaWrite_Per_Sec,15.288666666666652
db_002_6,db_002,Logic_Read_Per_Sec,57937.2061125
db_002_6,db_002,Redo_Per_Sec,825.6003761467908
db_002_6,db_002,MEM_Used_Pct,37.82492502181072
db_002_6,db_002,Call_Per_Sec,34.06225000000013
db_002_6,db_002,Exec_Per_Sec,33.38774999999992
db_003_1,db_003,New_Tbs_Free_Gb,14239115383.473999
db_003_1,db_003,Redo_Per_Sec,3665.0472276059954
db_003_1,db_003,Logic_Read_Per_Sec,661.5801286266918
db_003_1,db_003,DbTime,250.541514925373
db_003_1,db_003,Session_pct,246.5737391304346
db_003_2,db_003,New_Tbs_Free_Gb,14239115386.171999
db_003_2,db_003,Physical_Read_Per_Sec,2533.197166666667
db_003_2,db_003,Logic_Read_Per_Sec,2454.9840847529817
db_003_2,db_003,Redo_Per_Sec,317.68509150326895
db_003_2,db_003,Session_pct,224.71641999999983
db_003_3,db_003,Logic_Read_Per_Sec,509.8662561983477
db_003_3,db_003,Session_pct,237.28347916666644
db_003_3,db_003,DbTime,232.47766666666658
db_003_3,db_003,Sess_Active,167.95050000000023
db_003_3,db_003,Exec_Per_Sec,133.06921428571442
db_003_4,db_003,New_Tbs_Free_Gb,7119557692.4115
db_003_4,db_003,Physical_Read_Per_Sec,1195.520590909091
db_003_4,db_003,Redo_Per_Sec,152.5710211726382
db_003_4,db_003,Logic_Read_Per_Sec,67.65909500000001
db_003_4,db_003,Exec_Per_Sec,61.41322499999999
db_004_1,db_004,Physical_Read_Per_Sec,3396.7819999999997
db_004_1,db_004,Redo_Per_Sec,27.344465737286505
db_004_1,db_004,Exec_Per_Sec,25.248783333333332
db_004_1,db_004,LFSync_Per_Sec,6.070499999999995
db_004_1,db_004,DFParaWrite_Per_Sec,4.890124999999997
db_004_2,db_004,Logic_Read_Per_Sec,9500.530222453224
db_004_2,db_004,Redo_Per_Sec,8559.224694971796
db_004_2,db_004,Call_Per_Sec,858.3012499999954
db_004_2,db_004,Exec_Per_Sec,342.43846153846135
db_004_2,db_004,DFParaWrite_Per_Sec,68.34933333333326
db_004_3,db_004,New_Tbs_Free_Gb,8899447114.334
db_004_3,db_004,Logic_Read_Per_Sec,10180.208795505618
db_004_3,db_004,Call_Per_Sec,843.125000000003
db_004_3,db_004,Exec_Per_Sec,392.2217500000002
db_004_3,db_004,Redo_Per_Sec,129.55107101806317
db_005_1,db_005,Logic_Read_Per_Sec,68.30684514435794
db_005_1,db_005,Exec_Per_Sec,65.07903030303008
db_005_1,db_005,MEM_Used,13.791554198138376
db_005_1,db_005,TPS_Per_Sec,7.464466666666677
db_005_1,db_005,Call_Per_Sec,7.249021978021848
db_005_2,db_005,Redo_Per_Sec,99901.30310714284
db_005_2,db_005,Logic_Read_Per_Sec,955.9529301242288
db_005_2,db_005,DbTime,99.93841666666673
db_005_2,db_005,Exec_Per_Sec,56.231999999999836
db_005_2,db_005,Session_pct,40.46999999999997
db_005_3,db_005,Redo_Per_Sec,76866.01999999891
db_005_3,db_005,Logic_Read_Per_Sec,822.7765327102768
db_005_3,db_005,DbTime,81.50208333333337
db_005_3,db_005,Session_pct,62.39124999999994
db_005_3,db_005,Exec_Per_Sec,46.96972727272752
db_006_1,db_006,New_Tbs_Free_Gb,4449723557.8415
db_006_1,db_006,Logic_Read_Per_Sec,222.8975731707317
db_006_1,db_006,SeqRead_Per_Sec,102.11929999999991
db_006_1,db_006,Exec_Per_Sec,76.44333333333316
db_006_1,db_006,LFParaWrite_Per_Sec,51.93649999999995
db_007_1,db_007,Logic_Read_Per_Sec,343.07628448275875
db_007_1,db_007,Session_pct,303.52500000000026
db_007_1,db_007,Redo_Per_Sec,229.163080436157
db_007_1,db_007,Login_Per_Sec,94.43000000000012
db_007_1,db_007,DbTime,91.3947499999995
db_007_2,db_007,New_Tbs_Free_Gb,44497235574.368
db_007_2,db_007,Redo_Per_Sec,5030.649421099302
db_007_2,db_007,Logic_Read_Per_Sec,1672.8949000000002
db_007_2,db_007,LFSync_Per_Sec,141.49511111111133
db_007_2,db_007,DFParaWrite_Per_Sec,125.97820454545456
db_008_1,db_008,Redo_Per_Sec,121254.17261553039
db_008_1,db_008,Logic_Read_Per_Sec,4210.439781249996
db_008_1,db_008,Exec_Per_Sec,2285.2059999999674
db_008_1,db_008,Physical_Read_Per_Sec,1121.35625
db_008_1,db_008,LFParaWrite_Per_Sec,215.1654999999998
db_009_1,db_009,Physical_Read_Per_Sec,4784.734375000006
db_009_1,db_009,Logic_Read_Per_Sec,982.4927357415362
db_009_1,db_009,Redo_Per_Sec,435.68833879222086
db_009_1,db_009,CPU_free_pct,43.72274312442804
db_009_1,db_009,CPU_Used_Pct,31.417841027351443
db_009_2,db_009,Logic_Read_Per_Sec,2732.26789024388
db_009_2,db_009,Physical_Read_Per_Sec,1196.52084375
db_009_2,db_009,CPU_Used_Pct,126.17522130658692
db_009_2,db_009,CPU_free_pct,31.311713996586047
db_009_2,db_009,DbTime,24.821600000000007
db_009_3,db_009,Session_pct,16.86249999999996
db_009_3,db_009,Exec_Per_Sec,16.7276
db_009_3,db_009,CPU_free_pct,15.225700982470105
db_009_3,db_009,Call_Per_Sec,14.876822429906557
db_009_3,db_009,TPS_Per_Sec,14.614166666666804
db_009_4,db_009,New_Tbs_Used_Pct,244912784610825.2
db_009_4,db_009,Physical_Read_Per_Sec,911.4743333333333
db_009_4,db_009,Logic_Read_Per_Sec,301.47103602100714
db_009_4,db_009,Redo_Per_Sec,198.26559821428594
db_009_4,db_009,MEM_Used,118.4970381168418
db_009_5,db_009,Logic_Read_Per_Sec,120.36561290322287
db_009_5,db_009,LFSync_Per_Sec,21.584000000000103
db_009_5,db_009,DbTime,12.237357142857096
db_009_5,db_009,TPS_Per_Sec,11.803749999999972
db_009_5,db_009,CPU_free_pct,9.721879588669996
db_009_6,db_009,New_Tbs_Free_Gb,17798894230.017
db_009_6,db_009,Redo_Per_Sec,334.5043321554775
db_009_6,db_009,Logic_Read_Per_Sec,56.10859847036019
db_009_6,db_009,CPU_Used_Pct,25.951014054513855
db_009_6,db_009,CPU_free_pct,15.474119045229376
db_009_7,db_009,Logic_Read_Per_Sec,633.3078080811805
db_009_7,db_009,Redo_Per_Sec,416.99491275167736
db_009_7,db_009,CPU_free_pct,69.18691133377638
db_009_7,db_009,CPU_Used_Pct,62.1399548010991
db_009_7,db_009,MEM_Used_Pct,17.916111451106776
db_009_8,db_009,Logic_Read_Per_Sec,313.37856521736666
db_009_8,db_009,Redo_Per_Sec,214.1940276292336
db_009_8,db_009,Call_Per_Sec,45.53208910891105
db_009_8,db_009,Exec_Per_Sec,36.824488095238195
db_009_8,db_009,DbTime,23.607500000000226
db_009_9,db_009,Logic_Read_Per_Sec,45.162489247312855
db_009_9,db_009,CPU_free_pct,26.467852126552792
db_009_9,db_009,CPU_Used_Pct,22.509078446212804
db_009_9,db_009,DbTime,8.937125000000039
db_009_9,db_009,Redo_Per_Sec,8.30811102831596
db_009_10,db_009,Logic_Read_Per_Sec,68.73067051153657
db_009_10,db_009,CPU_free_pct,59.94586454894783
db_009_10,db_009,CPU_Used_Pct,37.524851008992435
db_009_10,db_009,Session_pct,15.513499999999981
db_009_10,db_009,DbTime,12.253416666666482
db_009_11,db_009,Redo_Per_Sec,2497.5904420215516
db_009_11,db_009,Logic_Read_Per_Sec,1009.1863652130676
db_009_11,db_009,Exec_Per_Sec,207.70209763313602
db_009_11,db_009,CPU_free_pct,93.68172340425856
db_009_11,db_009,Session_pct,71.83424999999994
db_010_1,db_010,Redo_Per_Sec,501.17208858267725
db_010_1,db_010,Logic_Read_Per_Sec,435.7686358024679
db_010_1,db_010,DbTime,99.72223076923069
db_010_1,db_010,Session_pct,76.72437500000007
db_010_1,db_010,Exec_Per_Sec,71.49700000000003
db_010_2,db_010,Redo_Per_Sec,6464.883215909094
db_010_2,db_010,Logic_Read_Per_Sec,1359.2731538462012
db_010_2,db_010,Call_Per_Sec,576.697500000002
db_010_2,db_010,Exec_Per_Sec,68.46174999999994
db_010_2,db_010,MEM_Used_Pct,60.915331183231054
db_010_3,db_010,Redo_Per_Sec,3452.65758
db_010_3,db_010,Logic_Read_Per_Sec,589.4455499999999
db_010_3,db_010,DbTime,35.07399999999981
db_010_3,db_010,LFSync_Per_Sec,28.666249999999973
db_010_3,db_010,Exec_Per_Sec,24.281999999999982
db_010_4,db_010,Logic_Read_Per_Sec,1568.681717391258
db_010_4,db_010,DbTime,32.37600000000012
db_010_4,db_010,MEM_Used_Pct,32.25357485432853
db_010_4,db_010,Redo_Per_Sec,28.365459459459444
db_010_4,db_010,LFSync_Per_Sec,10.11749999999999
db_011_1,db_011,Redo_Per_Sec,62039.42053276946
db_011_1,db_011,Logic_Read_Per_Sec,2363.6728333333335
db_011_1,db_011,Call_Per_Sec,892.3634999999979
db_011_1,db_011,LFParaWrite_Per_Sec,881.5714999999993
db_011_1,db_011,LFSync_Per_Sec,554.1017499999995
db_012_1,db_012,Physical_Read_Per_Sec,1684.9010000000005
db_012_1,db_012,DbTime,769.6045000000028
db_012_1,db_012,Logic_Read_Per_Sec,665.5387857142732
db_012_1,db_012,SeqRead_Per_Sec,402.0019999999996
db_012_1,db_012,Session_pct,232.36524999999997
db_012_2,db_012,Physical_Read_Per_Sec,858.6385000000001
db_012_2,db_012,SeqRead_Per_Sec,617.8419999999994
db_012_2,db_012,Logic_Read_Per_Sec,611.6840648148172
db_012_2,db_012,Exec_Per_Sec,46.67539999999999
db_012_2,db_012,Redo_Per_Sec,41.28585331854896
db_012_3,db_012,Physical_Read_Per_Sec,857.9640000000003
db_012_3,db_012,Logic_Read_Per_Sec,771.3068095238012
db_012_3,db_012,SeqRead_Per_Sec,105.8964999999999
db_012_3,db_012,Call_Per_Sec,48.18927777777747
db_012_3,db_012,TPS_Per_Sec,37.77199999999991
db_012_4,db_012,New_Tbs_Free_Gb,17798894230.017
db_012_4,db_012,Logic_Read_Per_Sec,1082.9996833333332
db_012_4,db_012,Physical_Read_Per_Sec,857.9640000000003
db_012_4,db_012,SeqRead_Per_Sec,90.38300000000004
db_012_4,db_012,Redo_Per_Sec,32.34359519572955
db_012_5,db_012,Physical_Read_Per_Sec,844.4740000000002
db_012_5,db_012,Logic_Read_Per_Sec,506.7918984375019
db_012_5,db_012,DbTime,20.57225000000007
db_012_5,db_012,Exec_Per_Sec,14.068142857142938
db_012_5,db_012,SeqRead_Per_Sec,11.016833333333334
db_012_6,db_012,New_Tbs_Free_Gb,17798894228.668
db_012_6,db_012,Physical_Read_Per_Sec,843.7995000000003
db_012_6,db_012,Logic_Read_Per_Sec,770.1505238095364
db_012_6,db_012,SeqRead_Per_Sec,64.75199999999994
db_012_6,db_012,DbTime,40.47000000000014
db_012_7,db_012,Logic_Read_Per_Sec,774.4384166666792
db_012_7,db_012,DbTime,13.714833333333381
db_012_7,db_012,Session_pct,3.709749999999999
db_013_1,db_013,New_Tbs_Free_Gb,8899447115.683
db_013_1,db_013,Redo_Per_Sec,7887.0322692307855
db_013_1,db_013,Call_Per_Sec,520.0394999999926
db_013_1,db_013,DFParaWrite_Per_Sec,201.6755
db_013_1,db_013,DbTime,134.73137499999987
docker_001_1,docker_001,container_cpu_used,3.7875769230769234
docker_001_2,docker_001,container_cpu_used,4.496666666666667
docker_001_3,docker_001,container_cpu_used,4.047
docker_001_4,docker_001,container_cpu_used,5.096222222222222
docker_001_5,docker_001,container_cpu_used,10.563355932203391
docker_001_6,docker_001,container_cpu_used,6.0705
docker_002_1,docker_002,container_cpu_used,44.06733333333333
docker_002_2,docker_002,container_cpu_used,65.4265
docker_002_3,docker_002,container_cpu_used,18.042875
docker_002_4,docker_002,container_cpu_used,11.0618
docker_002_5,docker_002,container_cpu_used,12.365833333333333
docker_002_6,docker_002,container_cpu_used,12.8155
docker_002_7,docker_002,container_cpu_used,5.396
docker_002_8,docker_002,container_cpu_used,6.0705
docker_002_9,docker_002,container_cpu_used,66.101
docker_002_10,docker_002,container_cpu_used,4.047
docker_002_11,docker_002,container_cpu_used,13.49
docker_002_12,docker_002,container_cpu_used,8.094
docker_002_13,docker_002,container_cpu_used,6.0705
docker_002_14,docker_002,container_cpu_used,22.258499999999998
docker_002_15,docker_002,container_cpu_used,4.552875
docker_003_1,docker_003,container_cpu_used,6.475199999999999
docker_003_2,docker_003,container_cpu_used,36.423
docker_003_3,docker_003,container_cpu_used,44.516999999999996
docker_003_4,docker_003,container_cpu_used,6.0705
docker_003_5,docker_003,container_cpu_used,47.214999999999996
docker_003_6,docker_003,container_cpu_used,6.745
docker_004_1,docker_004,container_cpu_used,10.792
docker_004_2,docker_004,container_cpu_used,6.0705
docker_004_3,docker_004,container_cpu_used,65.4265
docker_004_4,docker_004,container_cpu_used,66.101
docker_004_5,docker_004,container_cpu_used,6.0705
docker_004_6,docker_004,container_cpu_used,48.564
docker_006_1,docker_006,container_cpu_used,10.792
docker_007_1,docker_007,container_cpu_used,5.5646249999999995
docker_007_2,docker_007,container_cpu_used,4.7215
docker_007_3,docker_007,container_cpu_used,7.75675
docker_007_4,docker_007,container_cpu_used,6.745
docker_007_5,docker_007,container_cpu_used,7.4195
docker_007_6,docker_007,container_cpu_used,39.7955
docker_007_7,docker_007,container_cpu_used,8.094
docker_007_8,docker_007,container_cpu_used,4.2999374999999995
os_001_1,os_001,Processor_load_5_min,8.093999999999992
os_001_1,os_001,FS_used_space,6.745000000239631
os_001_1,os_001,FS_used_pct,6.745000000239631
os_001_1,os_001,Page_po,5.396
os_001_1,os_001,System_wait_queue_length,4.8058125
os_001_2,os_001,Disk_avgqu_sz,3291.341779411765
os_001_2,os_001,CPU_iowait_time,399.8931570812365
os_001_2,os_001,Disk_svctm,35.074
os_001_2,os_001,CPU_user_time,32.691211262165886
os_001_2,os_001,Memory_free,28.54248853229804
os_001_3,os_001,CPU_user_time,7.507438041939474
os_001_3,os_001,System_wait_queue_length,6.070500000000001
os_001_4,os_001,CPU_iowait_time,937.5549999998756
os_001_4,os_001,Disk_avgqu_sz,112.6415000000003
os_001_4,os_001,Received_packets,76.36838888888839
os_001_4,os_001,Sent_packets,59.43094444444408
os_001_4,os_001,Incoming_network_traffic,27.60084659090905
os_001_5,os_001,System_wait_queue_length,8.093999999999992
os_001_5,os_001,CPU_user_time,6.267200400887063
os_001_5,os_001,CPU_util_pct,4.6172365290269965
os_001_5,os_001,Processor_load_15_min,4.046190761847644
os_001_6,os_001,CPU_iowait_time,44076.551500003705
os_001_6,os_001,Disk_avgqu_sz,14899.431112121212
os_001_6,os_001,Sent_queue,64.92062500000002
os_001_6,os_001,CPU_user_time,22.737744382318773
os_001_6,os_001,Recv_total,14.964270022308165
os_001_7,os_001,Disk_avgqu_sz,65.40226646706587
os_001_7,os_001,CPU_user_time,26.1059521426235
os_001_7,os_001,Memory_available,24.757788381840953
os_001_7,os_001,Memory_used,18.585998507475967
os_001_7,os_001,Sent_queue,17.633357142857143
os_001_8,os_001,CPU_iowait_time,1876.4590000001579
os_001_8,os_001,Disk_avgqu_sz,20.840838323353296
os_001_8,os_001,CPU_user_time,9.37103612224147
os_001_8,os_001,Outgoing_network_traffic,6.622796470588234
os_001_8,os_001,FS_used_pct,6.0705000002396305
os_001_9,os_001,CPU_user_time,40.2365682916578
os_001_9,os_001,CPU_util_pct,16.93508188585608
os_001_9,os_001,CPU_idle_pct,13.988304749720339
os_001_9,os_001,FS_max_avail,6.0705000002396305
os_001_9,os_001,FS_used_pct,6.0705000002396305
os_001_10,os_001,Outgoing_network_traffic,10.859450000000022
os_001_10,os_001,Incoming_network_traffic,6.73673406862746
os_001_10,os_001,CPU_user_time,6.127751191741831
os_001_10,os_001,Recv_total,5.459019011503568
os_001_10,os_001,CPU_idle_pct,5.1808932912711665
os_001_11,os_001,Disk_avgqu_sz,111.29250000000032
os_001_11,os_001,Memory_available,8.256966442935157
os_001_11,os_001,FS_max_avail,6.0705000002396305
os_001_11,os_001,FS_used_space,6.0705000002396305
os_001_11,os_001,FS_used_pct,6.0705000002396305
os_002_1,os_002,CPU_iowait_time,4693.423937500013
os_002_1,os_002,Disk_avgqu_sz,2967.218210159363
os_002_1,os_002,Disk_io_util,1660.554519703235
os_002_1,os_002,ss_total,40.47
os_002_1,os_002,Memory_free,35.94848427855658
os_002_2,os_002,CPU_iowait_time,608.2150454545488
os_002_2,os_002,Memory_used,15.941073217708327
os_002_2,os_002,Disk_avgqu_sz,13.167233128834356
os_002_2,os_002,Memory_available,10.344326789109585
os_002_2,os_002,ss_total,9.10575
os_003_1,os_003,Sent_queue,169.40497649639616
os_003_1,os_003,Disk_avgqu_sz,76.86964270152505
os_003_1,os_003,Page_po,62.8534074074074
os_003_1,os_003,CPU_user_time,46.846805119721274
os_003_1,os_003,Disk_wr_kbs,35.8273045148648
os_004_1,os_004,Outgoing_network_traffic,382.51644444445134
os_004_1,os_004,Send_total,228.1404959551964
os_004_1,os_004,Disk_avgqu_sz,144.13961916563403
os_004_1,os_004,CPU_user_time,61.949305374789105
os_004_1,os_004,Disk_wr_kbs,52.88370095134641
os_004_2,os_004,CPU_iowait_time,338.4071136038187
os_004_2,os_004,Sent_queue,114.66500000000002
os_004_2,os_004,Disk_avgqu_sz,60.750227595099915
os_004_2,os_004,CPU_util_pct,34.317586636179
os_004_2,os_004,CPU_idle_pct,27.04688233417453
os_004_3,os_004,Disk_await,22.730649999999997
os_004_3,os_004,Disk_wr_kbs,13.346534054600609
os_004_3,os_004,Disk_svctm,9.089690476190476
os_004_3,os_004,Memory_free,7.817174485729136
os_004_3,os_004,Cache_used,6.655702182911657
os_004_4,os_004,Memory_used,36.81366063351743
os_004_4,os_004,Recv_total,14.47511635804852
os_004_4,os_004,Memory_available_pct,12.140999999985622
os_004_4,os_004,Memory_available,5.693211187225342
os_004_4,os_004,Received_packets,5.150727272727176
os_004_5,os_004,Sent_queue,114.66500000000002
os_004_5,os_004,CPU_iowait_time,112.98431837760224
os_004_5,os_004,Disk_avgqu_sz,29.371025052192053
os_004_5,os_004,CPU_idle_pct,20.62332823922913
os_004_5,os_004,Disk_await,7.250875
os_004_6,os_004,CPU_iowait_time,240.3346526252984
os_004_6,os_004,Disk_avgqu_sz,118.9010643939394
os_004_6,os_004,CPU_util_pct,96.05165603387428
os_004_6,os_004,CPU_idle_pct,51.98843022233785
os_004_6,os_004,Memory_used,15.15509409595677
os_004_7,os_004,CPU_iowait_time,233.06972242077677
os_004_7,os_004,Disk_avgqu_sz,158.99135420393546
os_004_7,os_004,CPU_util_pct,49.21964549641191
os_004_7,os_004,Disk_wr_kbs,34.84000240439655
os_004_7,os_004,CPU_idle_pct,25.90056776168263
os_004_8,os_004,Sent_queue,42.68621428571428
os_004_8,os_004,Memory_available,7.201531806635046
os_004_8,os_004,Memory_available_pct,6.070499999992811
os_004_8,os_004,Memory_used,5.180638580931703
os_004_9,os_004,Processor_load_1_min,7.5543999999999984
os_004_9,os_004,Disk_wr_ios,4.7215
os_004_10,os_004,CPU_iowait_time,183.586568476215
os_004_10,os_004,Disk_avgqu_sz,91.2332891566265
os_004_10,os_004,CPU_idle_pct,51.90994187464594
os_004_10,os_004,CPU_util_pct,41.46631031481854
os_004_10,os_004,Sent_queue,33.20038888888888
os_004_11,os_004,Outgoing_network_traffic,112.55843349753594
os_004_11,os_004,Disk_wr_kbs,85.56796732874334
os_004_11,os_004,Send_total,81.6962934973638
os_004_11,os_004,Disk_avgqu_sz,79.98407191961931
os_004_11,os_004,CPU_user_time,55.927100995638654
os_004_12,os_004,Send_total,11.509350588235248
os_004_12,os_004,Memory_used,10.434185975621471
os_004_12,os_004,Disk_svctm,8.843444444444444
os_004_12,os_004,Recv_total,6.436725785383561
os_004_12,os_004,Processor_load_1_min,6.070499999999996
os_004_13,os_004,CPU_iowait_time,111.74902036199092
os_004_13,os_004,Disk_avgqu_sz,63.43144277108432
os_004_13,os_004,CPU_util_pct,13.57932328152302
os_004_13,os_004,CPU_idle_pct,13.198119918051225
os_004_13,os_004,FS_used_space,5.363522607161973
os_004_14,os_004,Send_total,19.460524703557617
os_004_14,os_004,Disk_await,6.455928571428571
os_004_14,os_004,Processor_load_5_min,4.0470000000000015
os_004_14,os_004,Disk_avgqu_sz,4.045535287730719
os_004_14,os_004,Recv_total,3.751730275602136
os_005_1,os_005,Disk_avgqu_sz,155.02067515375157
os_005_1,os_005,Disk_wr_kbs,137.99376025068952
os_005_1,os_005,Page_po,105.42953846153847
os_005_1,os_005,CPU_user_time,60.64197695414035
os_005_1,os_005,Outgoing_network_traffic,55.312111099970274
os_005_2,os_005,Disk_wr_kbs,52.44046299980104
os_005_2,os_005,Disk_svctm,37.115249999999996
os_005_2,os_005,Sent_queue,21.149422818791944
os_005_2,os_005,Disk_await,15.682124999999989
os_005_2,os_005,Recv_total,11.084911987036847
os_005_3,os_005,Num_of_processes,11.241666666666774
os_005_3,os_005,CPU_iowait_time,7.25728112885719
os_005_3,os_005,Disk_await,7.194666666666667
os_005_3,os_005,FS_max_util,6.070499999999952
os_005_3,os_005,Disk_avgqu_sz,5.546332347140045
os_005_4,os_005,Disk_wr_kbs,3.748545955962028
os_005_5,os_005,Memory_used,19.33428307691551
os_005_5,os_005,Memory_available,17.507523136318007
os_005_5,os_005,Disk_svctm,13.730892857142859
os_005_5,os_005,Num_of_processes,11.241666666666774
os_005_5,os_005,CPU_iowait_time,9.494602808814392
os_005_6,os_005,Disk_avgqu_sz,155.97429852390405
os_005_6,os_005,Page_po,144.0316923076923
os_005_6,os_005,Disk_wr_kbs,126.41081655870882
os_005_6,os_005,Incoming_network_traffic,50.38406409211336
os_005_6,os_005,CPU_user_time,36.983027533556076
os_006_1,os_006,Cache_used,9.44299999981279
os_006_1,os_006,CPU_user_time,7.639914799281011
os_006_1,os_006,FS_used_space,6.070499999400924
os_006_1,os_006,CPU_idle_pct,6.064598226060033
os_006_1,os_006,CPU_util_pct,5.400510545267487
os_006_2,os_006,Disk_avgqu_sz,13.04033333333333
os_006_2,os_006,Disk_wr_kbs,5.537256544502625
os_006_2,os_006,Memory_used,3.7151604278074437
os_006_2,os_006,CPU_system_time,3.7125442182997115
os_006_2,os_006,CPU_util_pct,3.638294413688985
os_006_3,os_006,CPU_util_pct,19.253214513274372
os_006_3,os_006,Outgoing_network_traffic,10.117499999999994
os_006_3,os_006,CPU_idle_pct,10.015190226098282
os_006_3,os_006,Disk_wr_kbs,9.192471428571404
os_006_3,os_006,Processor_load_1_min,6.743381523695261
os_006_4,os_006,CPU_idle_pct,11.839977432751583
os_006_4,os_006,CPU_util_pct,11.439460270448171
os_006_4,os_006,Disk_wr_kbs,11.412808457711455
os_006_4,os_006,Memory_free,8.227424070007784
os_006_4,os_006,Memory_used,7.766089230765924
os_006_5,os_006,FS_used_pct,6.070499999820277
os_006_5,os_006,FS_used_space,6.070499999400924
os_006_6,os_006,CPU_iowait_time,1875.1099999997512
os_006_6,os_006,Num_of_processes,6.070500000000384
os_006_6,os_006,Shared_memory,6.07049999999299
os_006_6,os_006,Recv_total,3.5337024442082923
os_006_7,os_006,Memory_used,12.722465517255127
os_006_7,os_006,FS_used_space,8.768499998801847
os_006_7,os_006,Memory_available,7.101066523665798
os_006_7,os_006,Disk_avgqu_sz,7.006368749999999
os_006_7,os_006,CPU_idle_pct,6.970722641737938
os_006_8,os_006,Disk_wr_kbs,280.8671794478529
os_006_8,os_006,Disk_avgqu_sz,109.07865030674849
os_006_8,os_006,CPU_util_pct,6.267338363302311
os_006_8,os_006,CPU_idle_pct,6.250127568495827
os_006_8,os_006,Num_of_processes,6.070500000000384
os_006_9,os_006,CPU_iowait_time,3748.870999999503
os_006_9,os_006,Disk_avgqu_sz,74.94444444444443
os_006_9,os_006,CPU_idle_pct,11.815412824219493
os_006_9,os_006,System_wait_queue_length,8.768499999999998
os_006_9,os_006,CPU_util_pct,7.42823767542284
os_006_10,os_006,CPU_iowait_time,1875.1099999997512
os_006_10,os_006,CPU_system_time,10.08025618501255
os_006_10,os_006,CPU_idle_pct,7.223664318404527
os_006_10,os_006,Memory_available,6.383222727312732
os_006_10,os_006,FS_used_pct,6.0705000002396305
os_006_11,os_006,CPU_system_time,6.065650970524787
os_006_11,os_006,Memory_available,3.965242424219319
os_007_1,os_007,CPU_iowait_time,3748.1965000011273
os_007_1,os_007,Disk_wr_kbs,1006.3910604395612
os_007_1,os_007,Disk_avgqu_sz,166.26424999999594
os_007_1,os_007,Send_total,142.9939999999965
os_007_1,os_007,Outgoing_network_traffic,66.94412499999974
os_008_1,os_008,CPU_iowait_time,3748.871000001129
os_008_1,os_008,Disk_wr_kbs,6.77896762589927
os_008_1,os_008,FS_max_avail,6.0705000002396305
os_008_1,os_008,FS_used_pct,6.0705000002396305
os_008_1,os_008,FS_used_space,6.070499998801847
os_008_2,os_008,Incoming_network_traffic,13.982903846153885
os_008_2,os_008,CPU_util_pct,7.767327054794485
os_008_2,os_008,Disk_avgqu_sz,4.940815950920246
os_008_2,os_008,CPU_user_time,4.720286870503587
os_008_2,os_008,Memory_free,4.3545208531219
os_008_3,os_008,CPU_iowait_time,1874.4354999997515
os_008_3,os_008,Disk_avgqu_sz,34.39949999999991
os_008_3,os_008,Recv_total,11.172495382042383
os_008_3,os_008,CPU_system_time,8.057991221784304
os_008_3,os_008,Disk_wr_kbs,7.711405462184876
os_008_4,os_008,CPU_iowait_time,1873.7610000013767
os_008_4,os_008,Disk_wr_kbs,13.703000000000054
os_008_4,os_008,Memory_free,8.256094339564227
os_008_4,os_008,Memory_used,7.1359034091018945
os_008_4,os_008,CPU_idle_pct,7.062461600575994
os_008_5,os_008,CPU_iowait_time,1873.7609999997517
os_008_5,os_008,Outgoing_network_traffic,19.499181818181874
os_008_5,os_008,CPU_util_pct,10.457663606911485
os_008_5,os_008,CPU_user_time,6.721290889526545
os_008_5,os_008,Disk_avgqu_sz,6.640613095238093
os_008_6,os_008,CPU_iowait_time,13118.35049999826
os_008_6,os_008,Disk_wr_kbs,231.21171321321322
os_008_6,os_008,Disk_avgqu_sz,44.27581515151515
os_008_6,os_008,CPU_util_pct,9.451344162863354
os_008_6,os_008,CPU_system_time,7.415616588700998
os_008_7,os_008,CPU_iowait_time,3748.1965000011273
os_008_7,os_008,CPU_util_pct,13.517242697439604
os_008_7,os_008,CPU_user_time,10.760549139167871
os_008_7,os_008,CPU_system_time,9.428947916666687
os_008_7,os_008,CPU_idle_pct,7.441163839761017
os_008_8,os_008,CPU_iowait_time,1874.435500000564
os_008_8,os_008,Memory_used,4.105884920640845
os_008_9,os_008,CPU_idle_pct,4.495507731959391
os_008_9,os_008,CPU_util_pct,4.491387877335879
os_009_1,os_009,CPU_iowait_time,936.8805000000789
os_009_1,os_009,Disk_avgqu_sz,395.5382692307693
os_009_1,os_009,CPU_idle_pct,7.739385898527464
os_009_1,os_009,Sent_queue,5.396
os_009_1,os_009,Processor_load_5_min,4.048619447779112
os_009_2,os_009,CPU_iowait_time,937.5550000000788
os_009_2,os_009,Disk_avgqu_sz,431.7856445783132
os_009_2,os_009,Outgoing_network_traffic,23.762452702702753
os_009_2,os_009,Recv_total,7.540262295335453
os_009_2,os_009,CPU_user_time,6.736519279128251
os_009_3,os_009,CPU_iowait_time,936.8805000000789
os_009_3,os_009,Sent_queue,575.5171249999999
os_009_3,os_009,Received_packets,24.956499999999863
os_009_3,os_009,Sent_packets,22.427124999999876
os_009_3,os_009,CPU_user_time,20.433755485893506
os_009_4,os_009,Incoming_network_traffic,29.649872853638634
os_009_4,os_009,Recv_total,24.956320965936712
os_009_4,os_009,Disk_avgqu_sz,6.9022453987730055
os_009_4,os_009,CPU_system_time,3.7736895910780683
os_009_5,os_009,CPU_iowait_time,936.8805000000789
os_009_5,os_009,CPU_user_time,41.836084266926456
os_009_5,os_009,Incoming_network_traffic,35.49728597710553
os_009_5,os_009,Recv_total,32.74898070464022
os_009_5,os_009,Disk_avgqu_sz,23.067899999999938
os_009_6,os_009,CPU_iowait_time,25303.193000002128
os_009_6,os_009,Disk_avgqu_sz,392.21965527950306
os_009_6,os_009,CPU_idle_pct,12.815950753098042
os_009_6,os_009,CPU_util_pct,12.815950753097209
os_009_6,os_009,System_wait_queue_length,8.768500000000001
os_009_7,os_009,Disk_avgqu_sz,1778.901407738095
os_009_7,os_009,CPU_iowait_time,128.16276961843053
os_009_7,os_009,Received_packets,21.921250000000075
os_009_7,os_009,CPU_idle_pct,21.320344809337662
os_009_7,os_009,CPU_util_pct,12.463456806687994
os_009_8,os_009,CPU_iowait_time,937.5550000000787
os_009_8,os_009,Disk_avgqu_sz,44.92169999999988
os_009_8,os_009,Buffers_used,21.583999999344762
os_009_8,os_009,Disk_wr_kbs,11.940809489472173
os_009_8,os_009,Send_total,10.07932075471696
os_010_1,os_010,Recv_total,1385.3928306474465
os_010_1,os_010,Incoming_network_traffic,895.8337536231884
os_010_1,os_010,Page_po,676.5235
os_010_1,os_010,Disk_wr_kbs,539.2461639344267
os_010_1,os_010,Outgoing_network_traffic,64.18242222222221
os_010_2,os_010,Memory_available_pct,474637179477.912
os_010_2,os_010,Incoming_network_traffic,12.309625000000036
os_010_2,os_010,Outgoing_network_traffic,11.113190476190464
os_010_2,os_010,Num_of_processes,10.213857142856916
os_010_2,os_010,Memory_free,8.107271411970139
os_011_1,os_011,Processor_load_1_min,26.974335332933414
os_011_1,os_011,Page_po,10.792
os_011_1,os_011,Memory_free,9.552873303150026
os_011_1,os_011,Outgoing_network_traffic,8.935386597937983
os_011_1,os_011,Recv_total,7.864336596958467
os_011_2,os_011,Send_total,17.03782129963902
os_011_2,os_011,Processor_load_1_min,16.526970147014698
os_011_2,os_011,Incoming_network_traffic,16.525249999999986
os_011_2,os_011,CPU_user_time,7.046555363528026
os_011_2,os_011,Processor_load_5_min,6.747429171668667
os_011_3,os_011,Incoming_network_traffic,151.02759701493073
os_011_3,os_011,Send_total,21.49935686274495
os_011_3,os_011,Memory_used,13.307553278670653
os_011_3,os_011,Memory_available,12.116824372799337
os_011_3,os_011,Disk_avgqu_sz,7.9139298642533875
os_011_4,os_011,Processor_load_1_min,34.39262147570486
os_011_4,os_011,Send_total,15.319831683168255
os_011_4,os_011,Outgoing_network_traffic,4.248166666666684
os_011_5,os_011,Outgoing_network_traffic,183.74583333333365
os_011_5,os_011,Disk_wr_kbs,44.782162182361695
os_011_5,os_011,Page_po,40.807249999999996
os_011_5,os_011,Incoming_network_traffic,37.89915983606591
os_011_5,os_011,Processor_load_1_min,23.60264457108578
os_011_6,os_011,Processor_load_1_min,9.781160666066608
os_011_6,os_011,Memory_available,8.956396428570553
os_011_6,os_011,Disk_wr_kbs,8.179823476702468
os_011_6,os_011,Outgoing_network_traffic,6.912183760683911
os_011_6,os_011,Recv_total,5.471537163588852
os_011_7,os_011,Processor_load_1_min,23.602644571085783
os_011_7,os_011,Send_total,13.41341334661357
os_011_7,os_011,Disk_wr_kbs,8.352667475728104
os_011_7,os_011,Outgoing_network_traffic,7.090475609756192
os_011_7,os_011,CPU_iowait_time,5.74939623830093
os_011_8,os_011,Memory_available,15.524883966231137
os_011_8,os_011,Memory_used,11.090649096378367
os_011_8,os_011,CPU_user_time,9.371393294228431
os_011_8,os_011,Page_po,6.745
os_011_8,os_011,Send_total,4.150139563106795
os_011_9,os_011,Send_total,14.140154989384314
os_011_9,os_011,Disk_avgqu_sz,8.390613285272918
os_011_9,os_011,CPU_iowait_time,7.85006792114695
os_011_9,os_011,Disk_wr_kbs,6.514109350237724
os_011_9,os_011,System_wait_queue_length,6.070499999999999
os_011_10,os_011,CPU_user_time,11.077372857554364
os_011_10,os_011,Memory_available,5.3616618181770495
os_011_10,os_011,CPU_idle_pct,4.574846432413169
os_011_10,os_011,Disk_wr_kbs,4.178152777777773
os_011_10,os_011,Memory_used,3.9150867158671345
os_012_1,os_012,Outgoing_network_traffic,132.09061467889995
os_012_1,os_012,Disk_io_util,83.51926763895545
os_012_1,os_012,Disk_await,69.9132475490196
os_012_1,os_012,Recv_total,49.530146753722036
os_012_1,os_012,Send_total,47.479509803920905
os_013_1,os_013,Processor_load_1_min,20.23095380923815
os_013_1,os_013,Disk_await,7.664772727272736
os_013_1,os_013,Disk_svctm,7.494444444444444
os_013_1,os_013,FS_max_avail,6.745000000239631
os_013_1,os_013,Memory_available,6.14500872095842
os_013_2,os_013,CPU_user_time,13.338810556760665
os_013_2,os_013,Disk_avgqu_sz,8.370666167664647
os_013_2,os_013,CPU_idle_pct,6.893918748870209
os_013_2,os_013,Processor_load_1_min,6.4084582958295835
os_013_2,os_013,CPU_util_pct,5.785151944915489
os_013_3,os_013,Disk_io_util,40.31109883332334
os_013_3,os_013,Page_po,27.6545
os_013_3,os_013,Processor_load_1_min,16.858858428314335
os_013_3,os_013,CPU_user_time,14.612630035971245
os_013_3,os_013,CPU_idle_pct,11.36547592753383
os_013_4,os_013,CPU_user_time,7.457900054220121
os_013_4,os_013,Send_total,5.805517857142983
os_013_4,os_013,Outgoing_network_traffic,5.041887499999936
os_013_4,os_013,Incoming_network_traffic,4.991299999999975
os_013_4,os_013,ss_total,4.181900000000001
os_013_5,os_013,Incoming_network_traffic,293.070249999996
os_013_5,os_013,Disk_wr_kbs,104.622843085106
os_013_5,os_013,Page_po,77.5675
os_013_5,os_013,Disk_io_util,40.60562278008565
os_013_5,os_013,Processor_load_1_min,18.88195380923815
os_013_6,os_013,Disk_wr_kbs,12.386033203124908
os_013_6,os_013,Processor_load_1_min,6.071107110711071
os_013_6,os_013,Send_total,3.969173076923066
os_013_7,os_013,Disk_io_util,40.61540314325275
os_013_7,os_013,Memory_free,27.284956564459698
os_013_7,os_013,CPU_user_time,20.345241909238908
os_013_7,os_013,Memory_available,19.345234042645217
os_013_7,os_013,CPU_util_pct,18.931264006791164
os_014_1,os_014,Disk_io_util,54.0887311802089
os_014_1,os_014,Disk_await,29.126136363636338
os_014_1,os_014,Incoming_network_traffic,19.766979591836815
os_014_1,os_014,CPU_util_pct,16.670779793667684
os_014_1,os_014,Processor_load_1_min,14.836167666466705
os_014_2,os_014,Processor_load_1_min,13.487167666466707
os_014_2,os_014,CPU_idle_pct,7.659678614908471
os_014_2,os_014,CPU_user_time,5.847526129689568
os_014_2,os_014,Processor_load_5_min,5.39802430972389
os_014_2,os_014,CPU_system_time,5.062877609791223
os_014_3,os_014,Disk_io_util,40.3143864682325
os_014_3,os_014,Recv_total,21.487081510772608
os_014_3,os_014,CPU_user_time,13.396998749776767
os_014_3,os_014,Disk_svctm,13.04033333333332
os_014_3,os_014,Disk_await,6.864029411764705
os_014_4,os_014,Disk_wr_kbs,105.35171153846208
os_014_4,os_014,Disk_avgqu_sz,23.100084263959396
os_014_4,os_014,CPU_util_pct,9.226149034162072
os_014_4,os_014,Disk_await,8.93712500000004
os_014_4,os_014,CPU_idle_pct,7.485309655175372
os_014_5,os_014,CPU_system_time,4.052345461095099
os_014_6,os_014,Processor_load_1_min,27.648835332933416
os_014_6,os_014,CPU_user_time,8.981346891098607
os_014_6,os_014,CPU_system_time,8.047166428060155
os_014_6,os_014,CPU_util_pct,4.917281082369748
os_014_6,os_014,Disk_avgqu_sz,4.596640267175572
os_014_7,os_014,Disk_avgqu_sz,5.311280193236711
os_014_8,os_014,CPU_iowait_time,6.403201582449186
os_014_9,os_014,Disk_avgqu_sz,156.64410336906568
os_014_9,os_014,Incoming_network_traffic,21.780075581395373
os_014_9,os_014,CPU_user_time,14.70794741532976
os_014_9,os_014,CPU_system_time,8.072460531036963
os_014_9,os_014,CPU_idle_pct,6.8593441782009705
os_014_10,os_014,Incoming_network_traffic,123.1337222222207
os_014_10,os_014,Disk_avgqu_sz,77.22322395833339
os_014_10,os_014,Disk_await,27.478279279279274
os_014_10,os_014,Processor_load_1_min,9.440976904619076
os_014_10,os_014,Memory_free,8.062593126628826
os_015_1,os_015,Disk_avgqu_sz,148.85021841155262
os_015_1,os_015,Incoming_network_traffic,58.24307500000017
os_015_1,os_015,CPU_iowait_time,42.52020806335489
os_015_1,os_015,Disk_wr_kbs,26.6114666289594
os_015_1,os_015,CPU_user_time,15.789898763662496
os_015_2,os_015,CPU_system_time,8.761713798059668
os_015_2,os_015,Processor_load_5_min,6.747429171668667
os_015_2,os_015,CPU_util_pct,5.413393634287053
os_015_2,os_015,CPU_user_time,5.053537293314176
os_015_2,os_015,CPU_idle_pct,4.0580114999590995
os_015_3,os_015,Page_po,38.78375
os_015_3,os_015,Disk_wr_kbs,29.248466372021525
os_015_3,os_015,Disk_avgqu_sz,8.856717983651222
os_015_3,os_015,Shared_memory,6.070500000028043
os_015_3,os_015,Num_of_processes,6.070500000000384
os_015_4,os_015,Processor_load_1_min,10.789976904619076
os_015_4,os_015,Send_total,3.65609659090911
os_015_5,os_015,Incoming_network_traffic,94.81542857142773
os_015_5,os_015,Processor_load_5_min,7.4223340336134465
os_015_5,os_015,CPU_user_time,7.251269338010442
os_015_5,os_015,Memory_used,6.458179906549172
os_015_5,os_015,CPU_idle_pct,6.203944244607439
os_015_6,os_015,Incoming_network_traffic,116.35124999999843
os_015_6,os_015,Disk_avgqu_sz,112.71401217038533
os_015_6,os_015,CPU_user_time,10.571401679664055
os_015_6,os_015,Outgoing_network_traffic,8.626500000000421
os_015_6,os_015,CPU_idle_pct,6.426107876707429
os_015_7,os_015,Incoming_network_traffic,55.699072289156504
os_015_8,os_015,CPU_idle_pct,8.52105247362228
os_015_8,os_015,CPU_system_time,8.05824570200572
os_015_8,os_015,Send_total,4.148174999999984
os_015_8,os_015,Memory_free,3.744799850844466
os_015_8,os_015,CPU_user_time,3.7233959537572354
os_015_9,os_015,Incoming_network_traffic,72.01584615384573
os_015_9,os_015,CPU_user_time,28.28902424568957
os_015_9,os_015,Send_total,18.957138671875054
os_015_9,os_015,Sent_packets,13.490000000000013
os_015_9,os_015,Disk_wr_kbs,8.352175350701417
os_016_1,os_016,Processor_load_1_min,15.51026304739052
os_016_1,os_016,CPU_util_pct,8.407071255415689
os_016_1,os_016,CPU_system_time,8.108834865693169
os_016_1,os_016,Memory_available,7.269611111067263
os_016_1,os_016,CPU_user_time,7.065233075956162
os_016_2,os_016,Page_po,5.396
os_016_2,os_016,Disk_wr_kbs,4.00222591006425
os_016_2,os_016,ss_total,3.9720555555555555
os_016_2,os_016,Incoming_network_traffic,3.55986111111112
os_016_3,os_016,Disk_avgqu_sz,206.87090520446083
os_016_3,os_016,Page_po,80.2655
os_016_3,os_016,Disk_wr_kbs,61.4219180900619
os_016_3,os_016,Outgoing_network_traffic,38.57410810810796
os_016_3,os_016,Incoming_network_traffic,17.34876744186048
os_017_1,os_017,CPU_iowait_time,13139.934499999681
os_017_1,os_017,FS_used_pct,315.0534438769128
os_017_1,os_017,FS_used_space,289.37977142953883
os_017_1,os_017,Disk_svctm,48.645757575757564
os_017_1,os_017,Outgoing_network_traffic,18.956806574645857
os_017_2,os_017,FS_used_space,375.4716666690168
os_017_2,os_017,FS_used_pct,309.7121428581099
os_017_2,os_017,Disk_avgqu_sz,58.87704668587894
os_017_2,os_017,Memory_used,38.74458548386671
os_017_2,os_017,Memory_available,26.503494845449296
os_017_3,os_017,FS_used_pct,556.508074324015
os_017_3,os_017,FS_used_space,519.6244230738703
os_017_3,os_017,CPU_iowait_time,47.87593247126436
os_017_3,os_017,Outgoing_network_traffic,15.384290802213009
os_017_3,os_017,Sent_packets,10.56716666666654
os_017_4,os_017,CPU_iowait_time,4693.171000000394
os_017_4,os_017,FS_used_pct,703.4977350458668
os_017_4,os_017,FS_used_space,613.7949999954863
os_017_4,os_017,Sent_packets,46.825288888888885
os_017_4,os_017,Received_packets,36.95697916666646
os_018_1,os_018,Memory_used,9.177129722349642
os_018_1,os_018,CPU_iowait_time,6.410901869158876
os_018_1,os_018,Memory_available,5.796024874222863
os_018_1,os_018,Memory_available_pct,5.396000000003834
os_018_1,os_018,Sent_queue,5.395999999999999
os_018_2,os_018,CPU_iowait_time,5162.623000000434
os_018_2,os_018,Sent_packets,16.689317567567603
os_018_2,os_018,Disk_svctm,16.09357
os_018_2,os_018,Disk_await,15.35162
os_018_2,os_018,Outgoing_network_traffic,12.40917052171685
os_018_3,os_018,Disk_avgqu_sz,6.13809961685824
os_018_3,os_018,Cache_used,4.135948238835611
os_018_4,os_018,Recv_total,18.99529817815691
os_018_4,os_018,CPU_iowait_time,17.531185344827584
os_018_4,os_018,Incoming_network_traffic,16.584800865800876
os_018_4,os_018,Sent_packets,16.525250000000003
os_018_4,os_018,Received_packets,12.96356097560975
os_018_5,os_018,CPU_iowait_time,10.111685344827588
os_018_6,os_018,FS_used_space,69.26702040706813
os_018_6,os_018,FS_used_pct,63.22780519515941
os_018_6,os_018,CPU_iowait_time,38.33699066091955
os_018_6,os_018,Disk_wr_kbs,18.722926194690366
os_018_6,os_018,Processor_load_1_min,16.313653067346635
os_018_7,os_018,Disk_wr_kbs,35.72492429296571
os_018_7,os_018,FS_max_avail,13.614407777774636
os_018_7,os_018,Disk_await,12.161234999999998
os_018_7,os_018,Sent_queue,11.803749999999999
os_018_7,os_018,Memory_available,11.024136504222856
os_018_8,os_018,Sent_packets,22.975156250000076
os_018_8,os_018,Received_packets,20.433382352941308
os_018_8,os_018,Send_total,13.105569948186547
os_018_8,os_018,CPU_iowait_time,12.148764028776977
os_018_8,os_018,Recv_total,11.445223214431682
os_018_9,os_018,FS_used_space,39.55022727244209
os_018_9,os_018,FS_used_pct,36.720573529649116
os_018_9,os_018,Sent_packets,26.845099999999924
os_018_9,os_018,Received_packets,22.64392857142867
os_018_9,os_018,Disk_svctm,20.261979999999998
os_019_1,os_019,FS_used_pct,147.67462121452564
os_019_1,os_019,FS_used_space,144.3717021281093
os_019_1,os_019,CPU_iowait_time,82.24539008620692
os_019_1,os_019,Received_packets,20.357636363636416
os_019_1,os_019,FS_max_avail,19.32067777745864
os_019_2,os_019,Shared_memory,305.7733333451989
os_019_2,os_019,FS_used_space,211.83515625046877
os_019_2,os_019,FS_used_pct,202.70130208200476
os_019_2,os_019,Disk_avgqu_sz,31.62452571515523
os_019_2,os_019,Disk_await,18.96571363636364
os_019_3,os_019,FS_used_pct,281.481557968636
os_019_3,os_019,FS_used_space,233.28396551865237
os_019_3,os_019,Outgoing_network_traffic,19.109971902937446
os_019_3,os_019,CPU_iowait_time,13.502616546762587
os_019_3,os_019,Incoming_network_traffic,12.294894141829417
os_019_4,os_019,CPU_iowait_time,17.529247126436786
os_019_4,os_019,Disk_await,17.298599137931035
os_019_4,os_019,Memory_available,16.983809950623673
os_019_4,os_019,Received_packets,15.636136363636343
os_019_4,os_019,Outgoing_network_traffic,12.55871165912743
os_020_1,os_020,Num_of_running_processes,8.768500000000001
os_020_1,os_020,Memory_available,7.273166743421825
os_020_1,os_020,CPU_idle_pct,7.264281940166072
os_020_1,os_020,ss_total,7.1946666666666665
os_020_1,os_020,CPU_iowait_time,6.475083573072497
os_020_2,os_020,Disk_avgqu_sz,4.9694748844375995
os_020_2,os_020,Memory_free,4.005108778373841
os_020_2,os_020,Num_of_processes,3.7579285714284576
os_020_3,os_020,FS_max_avail,3065.6024998190137
os_020_3,os_020,FS_used_space,421.5625000009825
os_020_3,os_020,FS_used_pct,321.19689999585097
os_020_3,os_020,CPU_util_pct,6.952929591716023
os_020_3,os_020,Outgoing_network_traffic,6.491790754877008
os_020_4,os_020,FS_max_avail,458.00385374223924
os_020_4,os_020,FS_used_pct,320.77292856728735
os_020_4,os_020,FS_used_space,320.70869047422735
os_020_4,os_020,CPU_idle_pct,19.32991463452716
os_020_4,os_020,CPU_util_pct,17.27180755385499
os_020_5,os_020,FS_max_avail,642.1432714246429
os_020_5,os_020,FS_used_space,562.251958347966
os_020_5,os_020,FS_used_pct,541.5828674555822
os_020_5,os_020,ss_total,14.73523076923077
os_020_5,os_020,CPU_util_pct,7.98939607464606
os_020_6,os_020,FS_used_space,965.7394642928699
os_020_6,os_020,FS_max_avail,845.4435937519694
os_020_6,os_020,FS_used_pct,834.8811111207535
os_020_6,os_020,CPU_idle_pct,92.32020964226389
os_020_6,os_020,CPU_util_pct,79.10804897028977
os_021_1,os_021,CPU_iowait_time,4571.775445984254
os_021_1,os_021,Disk_avgqu_sz,1972.3036065675992
os_021_1,os_021,Disk_io_util,485.9192236984489
os_021_1,os_021,Buffers_used,354.97841223179216
os_021_1,os_021,Disk_wr_kbs,110.05765167642248
os_021_2,os_021,Buffers_used,136.4279489679746
os_021_2,os_021,Disk_wr_kbs,53.8280810015784
os_021_2,os_021,Page_po,39.7955
os_021_2,os_021,Memory_used,32.35883458096051
os_021_2,os_021,Memory_available,26.34233555820589
os_021_3,os_021,Memory_available,4.0805923983924215
os_021_4,os_021,Disk_wr_kbs,5.566665775401023
os_021_5,os_021,Buffers_used,744.1983334493211
os_021_5,os_021,Incoming_network_traffic,8.721669080919066
os_021_5,os_021,Sent_packets,8.094
os_021_5,os_021,Recv_total,7.881663756983088
os_021_5,os_021,ss_total,6.0705
os_022_1,os_022,Num_of_running_processes,6.745000000000001
os_022_1,os_022,Memory_used,5.518742634317045
os_022_1,os_022,Page_po,4.817857142857143
os_022_1,os_022,Memory_available,4.723143404106391
os_022_1,os_022,CPU_user_time,4.0062252316362255
os_022_2,os_022,Sent_queue,6097.480000000003
os_022_2,os_022,Disk_io_util,1287.4527582738094
os_022_2,os_022,CPU_iowait_time,1035.8238685714284
os_022_2,os_022,Disk_avgqu_sz,399.11013173652725
os_022_2,os_022,Page_po,40.56635714285714
os_022_3,os_022,Send_total,35.724410714285796
os_022_3,os_022,Recv_total,34.93755652173899
os_022_3,os_022,Sent_packets,32.56206896551718
os_022_3,os_022,Outgoing_network_traffic,19.08493087557611
os_022_3,os_022,Incoming_network_traffic,18.239924934152747
os_022_4,os_022,Recv_total,15.000193112911749
os_022_4,os_022,Sent_packets,13.939666666667035
os_022_4,os_022,Memory_used,10.307707596211793
os_022_4,os_022,Send_total,9.767461538461536
os_022_4,os_022,Outgoing_network_traffic,9.46941734486269
os_022_5,os_022,CPU_iowait_time,1080.9517776103044
os_022_5,os_022,Disk_avgqu_sz,473.18030854478775
os_022_5,os_022,Recv_total,38.52336906409754
os_022_5,os_022,Disk_wr_kbs,33.682011461508026
os_022_5,os_022,Send_total,21.813402570233194
osb_001_1,osb_001,avg_time,3.8699700155763233
osb_001_2,osb_001,avg_time,22.54084883720934
osb_001_2,osb_001,num,3.9121
osb_001_2,osb_001,succee_num,3.9121
osb_001_3,osb_001,avg_time,104.9618986928106
osb_001_3,osb_001,num,16.42148076923077
osb_001_3,osb_001,succee_num,16.42148076923077
osb_001_4,osb_001,avg_time,193.85568699186985
osb_001_4,osb_001,num,28.94729166666667
osb_001_4,osb_001,succee_num,28.94729166666667
osb_001_5,osb_001,succee_num,22.536235294117645
osb_001_5,osb_001,avg_time,12.78606727272726
osb_001_6,osb_001,avg_time,306.4599864864858
osb_001_6,osb_001,num,12.510369047619049
osb_001_6,osb_001,succee_num,12.510369047619049
osb_001_7,osb_001,num,3.679090909090909
osb_001_7,osb_001,succee_num,3.679090909090909
osb_001_8,osb_001,avg_time,56.65438143776827
osb_001_8,osb_001,num,10.165678571428572
osb_001_8,osb_001,succee_num,10.165678571428572
osb_001_9,osb_001,avg_time,679.9619120521172
osb_001_9,osb_001,succee_num,7.340147058823529
osb_001_9,osb_001,num,7.320308823529412
osb_001_10,osb_001,num,3.6838076923076923
osb_001_10,osb_001,succee_num,3.6838076923076923
osb_001_11,osb_001,avg_time,162.36999551569517
osb_001_11,osb_001,num,9.717796296296296
osb_001_11,osb_001,succee_num,9.717796296296296
osb_001_12,osb_001,avg_time,303.36388056379866
osb_001_12,osb_001,succee_num,10.974677083333333
osb_001_12,osb_001,num,10.83415625
osb_001_13,osb_001,avg_time,29.690153153153155
osb_001_13,osb_001,succee_num,16.9974
osb_001_13,osb_001,num,4.5866
redis_001_1,redis_001,used_memory_rss,36.422999999999995
redis_001_1,redis_001,instantaneous_output_kbps,10.224209727278977
redis_001_1,redis_001,instantaneous_ops_per_sec,7.458042857142858
redis_001_1,redis_001,used_memory,7.403303814562675
redis_001_1,redis_001,instantaneous_input_kbps,6.579058242168075
redis_001_2,redis_001,used_memory_rss,30.521124999999998
redis_001_2,redis_001,instantaneous_output_kbps,4.819174460118426
redis_001_2,redis_001,instantaneous_input_kbps,4.598875011594471
redis_001_2,redis_001,used_memory,4.382673898792531
redis_001_2,redis_001,instantaneous_ops_per_sec,3.837979120879121
redis_001_3,redis_001,used_memory_rss,23.877299999999998
redis_001_3,redis_001,instantaneous_input_kbps,8.824579415137617
redis_001_3,redis_001,total_commands_processed,4.475982
redis_001_3,redis_001,mem_fragmentation_ratio,4.0469999999999855
redis_001_3,redis_001,used_memory,4.043107424048807
redis_001_4,redis_001,used_memory_rss,18.886
redis_001_4,redis_001,instantaneous_output_kbps,5.888350450625689
redis_001_4,redis_001,instantaneous_input_kbps,5.141451602715934
redis_001_4,redis_001,instantaneous_ops_per_sec,3.514130977130977
redis_001_5,redis_001,instantaneous_output_kbps,3.8115740121826316
redis_001_6,redis_001,used_memory_rss,46.9452
redis_001_6,redis_001,instantaneous_output_kbps,46.202150271739185
redis_001_6,redis_001,used_cpu_sys,9.10574999999993
redis_001_6,redis_001,used_memory,8.651914267834792
redis_001_6,redis_001,instantaneous_input_kbps,7.925829514824793
redis_001_7,redis_001,used_memory_rss,31.7015
redis_001_8,redis_001,used_memory_rss,38.4465
redis_001_8,redis_001,instantaneous_output_kbps,11.02939149651881
redis_001_8,redis_001,instantaneous_input_kbps,8.191149390691528
redis_001_8,redis_001,used_memory,7.161757433628319
redis_001_8,redis_001,total_commands_processed,5.840401974288338
redis_001_9,redis_001,used_memory,6.610818043950162
redis_001_9,redis_001,instantaneous_input_kbps,5.684295538628942
redis_001_9,redis_001,instantaneous_output_kbps,3.802229013654064
redis_001_10,redis_001,used_memory_rss,9.626954545454545
redis_001_10,redis_001,instantaneous_input_kbps,6.108357603938733
redis_001_10,redis_001,instantaneous_ops_per_sec,5.4413990384615385
redis_001_10,redis_001,instantaneous_output_kbps,4.395284469209887
redis_001_10,redis_001,used_cpu_sys,4.358307692307725
redis_001_11,redis_001,instantaneous_input_kbps,4.157328494138861
redis_001_11,redis_001,instantaneous_output_kbps,3.6416029295328594
redis_001_12,redis_001,used_memory_rss,37.772
redis_001_12,redis_001,instantaneous_output_kbps,16.538997032640943
redis_001_12,redis_001,instantaneous_input_kbps,10.622150121065385
redis_001_12,redis_001,used_memory,9.183557395558902
redis_001_12,redis_001,mem_fragmentation_ratio,6.744999999999985
redis_001_13,redis_001,used_memory_rss,44.382099999999994
redis_001_13,redis_001,instantaneous_input_kbps,8.832141530460618
redis_001_14,redis_001,used_memory_rss,24.0122
redis_001_14,redis_001,instantaneous_input_kbps,11.650408989598803
redis_001_14,redis_001,instantaneous_output_kbps,7.2200245130680845
redis_001_14,redis_001,mem_fragmentation_ratio,6.744999999999985
redis_001_14,redis_001,instantaneous_ops_per_sec,5.064544673539519
redis_002_1,redis_002,used_memory_rss,26.98
redis_002_1,redis_002,used_cpu_sys,5.150727272727298
redis_002_2,redis_002,used_memory_rss,16.188
redis_002_2,redis_002,used_cpu_sys,4.8252692307692
redis_002_3,redis_002,used_memory_rss,26.5584375
redis_002_3,redis_002,mem_fragmentation_ratio,5.396
redis_002_3,redis_002,instantaneous_input_kbps,5.240394360308464
redis_002_3,redis_002,used_cpu_user,4.856400000000016
redis_002_3,redis_002,instantaneous_ops_per_sec,4.441014851485149
redis_002_4,redis_002,used_memory_rss,20.369899999999998
redis_002_4,redis_002,used_cpu_sys,4.143357142857123
redis_002_4,redis_002,instantaneous_ops_per_sec,3.986063862928349
redis_002_4,redis_002,total_commands_processed,3.6508865092073655
redis_002_5,redis_002,used_memory_rss,36.87266666666667
redis_002_5,redis_002,instantaneous_input_kbps,12.465019735258737
redis_002_5,redis_002,total_commands_processed,5.970837730870712
redis_002_5,redis_002,mem_fragmentation_ratio,5.395999999999985
redis_002_5,redis_002,used_cpu_sys,5.283583333333297
redis_002_6,redis_002,used_memory_rss,74.8695
redis_002_6,redis_002,total_commands_processed,13.296232107355864
redis_002_6,redis_002,instantaneous_input_kbps,6.359388007614212
redis_002_6,redis_002,mem_fragmentation_ratio,4.046999999999992
redis_002_6,redis_002,instantaneous_output_kbps,3.5721985377873855
redis_002_7,redis_002,used_memory_rss,23.3377
redis_002_7,redis_002,used_memory,9.002609124746987
redis_002_7,redis_002,mem_fragmentation_ratio,5.935600000000022
redis_002_7,redis_002,total_commands_processed,4.331760950605778
redis_002_8,redis_002,used_memory_rss,37.54716666666666
redis_002_8,redis_002,connected_clients,4.047
redis_002_8,redis_002,instantaneous_input_kbps,3.893712082104227
redis_002_8,redis_002,used_cpu_sys,3.878374999999917
redis_002_9,redis_002,used_memory_rss,27.485875
redis_002_9,redis_002,used_cpu_sys,7.269611111111128
redis_002_9,redis_002,used_memory,6.146779288484314
redis_002_9,redis_002,mem_fragmentation_ratio,5.171166666666697
redis_002_9,redis_002,instantaneous_output_kbps,3.7610079725878665
redis_002_10,redis_002,used_memory_rss,37.097500000000004
redis_002_10,redis_002,used_memory,6.6112394123245295
redis_002_10,redis_002,used_cpu_user,4.047000000000011
redis_002_11,redis_002,total_commands_processed,6.475427487352445
redis_002_12,redis_002,used_memory_rss,27.9074375
redis_002_12,redis_002,mem_fragmentation_ratio,4.384249999999993
redis_002_12,redis_002,used_memory,4.163639045889371
redis_002_13,redis_002,used_memory_rss,16.766142857142857
redis_002_14,redis_002,used_memory_rss,74.64466666666667
redis_002_14,redis_002,total_commands_processed,6.3728046875
redis_002_14,redis_002,instantaneous_input_kbps,4.660448281777118
redis_002_14,redis_002,instantaneous_ops_per_sec,3.767850495049505
redis_002_14,redis_002,used_memory,3.7654132564003104
redis_002_15,redis_002,used_memory_rss,31.797857142857143
redis_002_15,redis_002,total_commands_processed,4.195695851423058
redis_002_16,redis_002,used_memory_rss,71.27216666666666
redis_002_16,redis_002,mem_fragmentation_ratio,4.384249999999993
redis_003_1,redis_003,used_memory_rss,224.6085
redis_003_1,redis_003,instantaneous_input_kbps,24.298082498807823
redis_003_1,redis_003,used_memory,4.7227796086508755
redis_003_1,redis_003,mem_fragmentation_ratio,4.04699999999991
redis_003_2,redis_003,used_memory_rss,221.91049999999998
redis_003_2,redis_003,instantaneous_input_kbps,15.854079120550406
redis_003_2,redis_003,used_memory,12.542381123764503
redis_003_2,redis_003,mem_fragmentation_ratio,6.0705
redis_003_2,redis_003,used_cpu_sys,6.070499999999993
redis_003_3,redis_003,used_memory_rss,111.2925
redis_003_4,redis_003,instantaneous_output_kbps,395.4818333333333
redis_003_4,redis_003,used_memory_rss,221.91049999999998
redis_003_4,redis_003,instantaneous_input_kbps,44.09118760162607
redis_003_4,redis_003,used_memory,11.645102269026165
redis_003_4,redis_003,used_cpu_user,8.093999999999992
redis_003_5,redis_003,instantaneous_output_kbps,428.5323333333334
redis_003_5,redis_003,used_memory_rss,222.585
redis_003_5,redis_003,instantaneous_input_kbps,43.26364602003163
redis_003_5,redis_003,used_memory,12.281532994374729
redis_003_5,redis_003,used_cpu_user,6.0704999999999965
redis_003_6,redis_003,used_memory_rss,224.6085
redis_003_6,redis_003,used_memory,6.532361889446141
redis_003_7,redis_003,instantaneous_output_kbps,264.404
redis_003_7,redis_003,used_memory_rss,221.91049999999998
redis_003_7,redis_003,mem_fragmentation_ratio,8.768500000000001
redis_003_7,redis_003,used_memory,5.088345708061002
redis_003_8,redis_003,used_memory_rss,223.2595
redis_003_8,redis_003,instantaneous_input_kbps,35.42996193548387
redis_003_8,redis_003,instantaneous_ops_per_sec,4.6371875
redis_003_8,redis_003,used_memory,4.090125569414317
redis_003_8,redis_003,mem_fragmentation_ratio,4.047
redis_004_1,redis_004,used_cpu_sys,5.395999999999998
redis_004_2,redis_004,instantaneous_output_kbps,3.8232714987714984
redis_004_3,redis_004,used_cpu_user,5.395999999999998
redis_004_4,redis_004,instantaneous_output_kbps,66.98078260869553
redis_004_5,redis_004,instantaneous_output_kbps,67.65528260869553
redis_004_5,redis_004,used_memory,4.047
redis_004_6,redis_004,instantaneous_output_kbps,5.046351102941179
redis_004_7,redis_004,instantaneous_output_kbps,5.046351102941179
redis_004_8,redis_004,instantaneous_input_kbps,4.047
redis_004_9,redis_004,instantaneous_input_kbps,4.047
redis_005_1,redis_005,used_memory_rss,110.618
redis_005_2,redis_005,instantaneous_output_kbps,165.0276666666667
redis_005_2,redis_005,used_memory_rss,111.62975
redis_005_2,redis_005,instantaneous_input_kbps,49.68487240537238
redis_005_2,redis_005,used_memory,11.761279840122645
redis_005_2,redis_005,used_cpu_user,6.7449999999999966
redis_005_3,redis_005,used_memory_rss,222.585
redis_005_3,redis_005,instantaneous_output_kbps,131.97716666666668
redis_005_3,redis_005,used_memory,25.69381671070013
redis_005_3,redis_005,instantaneous_input_kbps,21.144097011952223
redis_005_3,redis_005,mem_fragmentation_ratio,7.4195
redis_005_4,redis_005,instantaneous_output_kbps,296.3303333333334
redis_005_4,redis_005,used_memory_rss,112.6415
redis_005_4,redis_005,used_memory,26.223310606060608
redis_005_4,redis_005,instantaneous_input_kbps,19.409798264642106
redis_005_4,redis_005,mem_fragmentation_ratio,6.0705
redis_005_5,redis_005,used_memory_rss,221.91049999999998
redis_005_5,redis_005,instantaneous_input_kbps,24.363510574018104
redis_005_5,redis_005,used_memory,21.94343075754287
redis_005_5,redis_005,mem_fragmentation_ratio,6.745000000000001
redis_005_5,redis_005,total_commands_processed,3.534970802919708
redis_006_1,redis_006,used_memory,3347.1551515151514
redis_006_1,redis_006,instantaneous_output_kbps,1316.624
redis_006_1,redis_006,used_memory_rss,73.29566666666666
redis_006_1,redis_006,instantaneous_input_kbps,43.728362207896865
redis_006_1,redis_006,mem_fragmentation_ratio,21.58399999999946
redis_006_2,redis_006,instantaneous_output_kbps,428.75716666666665
redis_006_2,redis_006,used_memory_rss,111.2925
redis_006_2,redis_006,instantaneous_input_kbps,37.36006981664315
redis_006_2,redis_006,mem_fragmentation_ratio,8.093999999999983
redis_006_2,redis_006,used_memory,4.945736153444222
redis_006_3,redis_006,used_memory,3451.07925
redis_006_3,redis_006,instantaneous_output_kbps,790.5139999999998
redis_006_3,redis_006,used_memory_rss,111.967
redis_006_3,redis_006,instantaneous_input_kbps,76.52951593252106
redis_006_3,redis_006,mem_fragmentation_ratio,9.442999999999985
redis_006_4,redis_006,instantaneous_output_kbps,543.6469999999999
redis_006_4,redis_006,used_memory_rss,110.618
redis_006_4,redis_006,instantaneous_input_kbps,48.57842780748664
redis_006_4,redis_006,used_memory,12.817130480167014
redis_006_4,redis_006,mem_fragmentation_ratio,5.395999999999985
redis_006_5,redis_006,used_memory,1754.6421587301586
redis_006_5,redis_006,instantaneous_output_kbps,691.6997500000148
redis_006_5,redis_006,instantaneous_input_kbps,120.6389306167403
redis_006_5,redis_006,used_memory_rss,111.967
redis_006_5,redis_006,mem_fragmentation_ratio,8.768499999999985
redis_006_6,redis_006,used_memory,1398.1787341772151
redis_006_6,redis_006,instantaneous_output_kbps,329.3808333333333
redis_006_6,redis_006,used_memory_rss,111.2925
redis_006_6,redis_006,instantaneous_input_kbps,39.200984092552424
redis_006_6,redis_006,mem_fragmentation_ratio,9.442999999999985
redis_006_7,redis_006,instantaneous_output_kbps,560.7343333333333
redis_006_7,redis_006,used_memory_rss,111.967
redis_006_7,redis_006,instantaneous_input_kbps,34.52198063492062
redis_006_7,redis_006,used_memory,26.682223995656894
redis_006_7,redis_006,mem_fragmentation_ratio,8.768499999999985
redis_007_1,redis_007,used_memory,2876.085075949367
redis_007_2,redis_007,instantaneous_output_kbps,263.50466666666665
redis_007_2,redis_007,used_memory,24.65490026047319
redis_007_2,redis_007,instantaneous_input_kbps,16.76359970674487
redis_007_2,redis_007,instantaneous_ops_per_sec,5.9187375
redis_007_3,redis_007,instantaneous_input_kbps,13.47537309019222
redis_007_3,redis_007,used_memory,11.878472667599269
redis_007_4,redis_007,used_memory_rss,111.2925
redis_007_4,redis_007,instantaneous_input_kbps,30.374233026467213
redis_007_4,redis_007,used_memory,5.5139134096484055
redis_007_4,redis_007,mem_fragmentation_ratio,4.384249999999993
redis_007_5,redis_007,used_memory,804.9157379310344
redis_007_5,redis_007,used_memory_rss,111.2925
redis_007_5,redis_007,instantaneous_input_kbps,36.58624335106381
redis_007_5,redis_007,mem_fragmentation_ratio,8.768499999999985
redis_007_5,redis_007,total_commands_processed,4.213396475770925
redis_007_6,redis_007,instantaneous_input_kbps,77.87664583333344
redis_007_6,redis_007,used_memory,11.576383504043125
redis_007_6,redis_007,mem_fragmentation_ratio,4.7215
redis_007_7,redis_007,used_memory_rss,223.934
redis_007_7,redis_007,instantaneous_output_kbps,99.37633333333333
redis_007_7,redis_007,instantaneous_input_kbps,55.76587435367114
redis_007_7,redis_007,used_memory,11.992746173884727
redis_007_7,redis_007,mem_fragmentation_ratio,8.768499999999985
redis_007_8,redis_007,used_memory,3452.7655
redis_007_8,redis_007,instantaneous_output_kbps,164.80283333333335
redis_007_8,redis_007,used_memory_rss,112.6415
redis_007_8,redis_007,instantaneous_input_kbps,89.52484359805507
redis_007_8,redis_007,mem_fragmentation_ratio,8.768499999999985
redis_007_9,redis_007,instantaneous_input_kbps,33.96999968193385
redis_007_9,redis_007,used_memory,24.39988102076889
redis_007_9,redis_007,mem_fragmentation_ratio,7.419499999999985
redis_007_10,redis_007,used_memory,3534.788787878788
redis_007_10,redis_007,instantaneous_input_kbps,35.262191655801814
redis_007_10,redis_007,mem_fragmentation_ratio,8.093999999999983
redis_007_10,redis_007,total_commands_processed,7.2132834394904455
redis_007_11,redis_007,instantaneous_input_kbps,22.23614705882354
redis_007_11,redis_007,used_cpu_sys,5.396
redis_007_11,redis_007,used_cpu_user,4.046999999999996
redis_007_12,redis_007,instantaneous_ops_per_sec,5.763909090909091
redis_007_12,redis_007,instantaneous_input_kbps,5.598580204778173
redis_007_13,redis_007,used_memory_rss,109.9435
redis_007_13,redis_007,instantaneous_input_kbps,69.3090079656863
redis_007_13,redis_007,used_memory,22.35730545735749
redis_007_13,redis_007,total_commands_processed,5.9081871657754
redis_007_13,redis_007,mem_fragmentation_ratio,4.721499999999985
redis_007_14,redis_007,instantaneous_output_kbps,297.2296666666667
redis_007_14,redis_007,used_memory_rss,111.2925
redis_007_14,redis_007,instantaneous_input_kbps,52.2423779069767
redis_007_14,redis_007,used_memory,13.003381784628743
redis_007_14,redis_007,mem_fragmentation_ratio,5.395999999999985
redis_007_15,redis_007,instantaneous_output_kbps,263.5046666666667
redis_007_15,redis_007,instantaneous_input_kbps,116.792920502092
redis_007_15,redis_007,used_memory,11.991762023667354
redis_007_15,redis_007,mem_fragmentation_ratio,10.117499999999984
redis_007_15,redis_007,used_cpu_sys,8.768499999999992
redis_008_1,redis_008,total_commands_processed,39.121
redis_008_1,redis_008,used_memory,4.047
redis_008_2,redis_008,used_memory,5.396
redis_008_3,redis_008,instantaneous_input_kbps,5.396
redis_008_4,redis_008,used_memory,4.7215
redis_008_5,redis_008,total_commands_processed,4.047
redis_008_6,redis_008,instantaneous_input_kbps,5.396000000000003
redis_008_7,redis_008,instantaneous_input_kbps,3.7097499999999983
redis_008_8,redis_008,instantaneous_input_kbps,3.7097499999999983
redis_009_1,redis_009,total_commands_processed,33.946236
redis_009_2,redis_009,instantaneous_input_kbps,7.088941788190297
redis_009_2,redis_009,used_memory,4.616657915235633
redis_009_2,redis_009,instantaneous_output_kbps,4.092278449129759
redis_009_3,redis_009,used_memory_rss,29.509375
redis_009_3,redis_009,instantaneous_input_kbps,8.803261932650065
redis_009_3,redis_009,used_memory,8.617453930770006
redis_009_3,redis_009,mem_fragmentation_ratio,6.744999999999985
redis_009_3,redis_009,instantaneous_ops_per_sec,3.708541218637993
redis_009_4,redis_009,used_memory_rss,28.497625
redis_009_4,redis_009,instantaneous_input_kbps,7.062477688108237
redis_009_4,redis_009,used_memory,5.160814577805525
redis_009_4,redis_009,instantaneous_ops_per_sec,4.695681818181819
redis_009_4,redis_009,instantaneous_output_kbps,4.021396044538101
redis_009_5,redis_009,used_memory_rss,19.560499999999998
redis_009_5,redis_009,used_memory,11.330812502624838
redis_009_5,redis_009,mem_fragmentation_ratio,6.744999999999985
redis_009_5,redis_009,total_commands_processed,6.58939016115352
redis_009_5,redis_009,used_cpu_user,5.0587500000000345
redis_009_6,redis_009,used_memory_rss,26.64275
redis_009_6,redis_009,instantaneous_input_kbps,12.15333284424379
redis_009_6,redis_009,instantaneous_output_kbps,4.183269067148617
redis_009_6,redis_009,used_memory,3.8761048183014473
redis_009_7,redis_009,used_memory_rss,57.10766666666667
redis_009_7,redis_009,instantaneous_input_kbps,12.186009228584952
redis_009_7,redis_009,mem_fragmentation_ratio,7.4195
redis_009_7,redis_009,used_memory,4.8941160014766805
redis_009_7,redis_009,total_commands_processed,4.177389237199582
redis_009_8,redis_009,used_memory_rss,11.264149999999999
redis_009_8,redis_009,instantaneous_input_kbps,6.965666785459725
redis_009_8,redis_009,used_memory,6.44796088076833
redis_009_8,redis_009,mem_fragmentation_ratio,6.070499999999985
redis_009_8,redis_009,connected_clients,5.396
redis_009_9,redis_009,instantaneous_input_kbps,6.256945969310571
redis_009_9,redis_009,mem_fragmentation_ratio,6.070499999999985
redis_009_9,redis_009,used_memory,5.348906276256091
redis_009_9,redis_009,connected_clients,4.047
redis_009_9,redis_009,instantaneous_output_kbps,3.745209686038744
redis_009_10,redis_009,used_memory_rss,28.497625
redis_009_10,redis_009,used_memory,4.50495954461435
redis_009_10,redis_009,instantaneous_input_kbps,3.7870064141722652
redis_009_11,redis_009,instantaneous_input_kbps,14.444262175754377
redis_009_11,redis_009,mem_fragmentation_ratio,10.117499999999984
redis_009_11,redis_009,total_commands_processed,6.195574988021082
redis_009_11,redis_009,used_memory,4.813237879063011
redis_009_12,redis_009,used_memory_rss,10.45475
redis_009_12,redis_009,instantaneous_input_kbps,6.625343667704087
redis_009_12,redis_009,instantaneous_output_kbps,4.64850821990121
redis_009_12,redis_009,used_cpu_sys,3.822166666666633
redis_009_13,redis_009,used_memory_rss,36.64783333333333
redis_009_13,redis_009,instantaneous_input_kbps,8.915775058616646
redis_009_13,redis_009,used_cpu_sys,4.8178571428571235
redis_009_13,redis_009,instantaneous_ops_per_sec,3.767096153846154
redis_009_14,redis_009,used_memory_rss,55.140375
redis_009_14,redis_009,used_cpu_sys,7.41949999999994
redis_009_15,redis_009,instantaneous_input_kbps,13.555192682317674
redis_009_15,redis_009,mem_fragmentation_ratio,10.117499999999984
redis_009_15,redis_009,used_memory,8.913184714032411
redis_009_15,redis_009,used_cpu_sys,4.625142857142842
redis_009_15,redis_009,connected_clients,4.047
redis_009_16,redis_009,used_memory_rss,50.36266666666667
redis_009_16,redis_009,instantaneous_input_kbps,10.350274940334135
redis_009_16,redis_009,used_memory,5.492590570436055
redis_009_16,redis_009,instantaneous_output_kbps,4.04905460385439
redis_009_16,redis_009,used_cpu_sys,3.822166666666671
redis_009_17,redis_009,used_memory_rss,11.66885
redis_009_18,redis_009,instantaneous_input_kbps,9.377231138430448
redis_009_18,redis_009,used_memory_rss,9.37555
redis_009_18,redis_009,used_memory,6.200412579490744
redis_009_18,redis_009,instantaneous_output_kbps,4.21372230534256
redis_009_19,redis_009,used_memory_rss,12.290888888888889
redis_009_19,redis_009,instantaneous_input_kbps,8.611416652226653
redis_009_19,redis_009,instantaneous_output_kbps,5.624385955615509
redis_009_19,redis_009,mem_fragmentation_ratio,5.395999999999985
redis_009_19,redis_009,used_memory,4.8970429487179485
redis_009_20,redis_009,used_memory_rss,16.669785714285716
redis_009_20,redis_009,instantaneous_input_kbps,5.901792542787289
redis_009_21,redis_009,instantaneous_input_kbps,6.268562224938878
redis_009_21,redis_009,mem_fragmentation_ratio,4.721499999999985
redis_009_22,redis_009,instantaneous_input_kbps,8.342033031277408
redis_009_22,redis_009,used_cpu_sys,5.010571428571421
redis_009_22,redis_009,instantaneous_ops_per_sec,4.168384972170687
redis_010_1,redis_010,instantaneous_input_kbps,43.41707835531415
redis_010_1,redis_010,used_memory,24.066324548028753
redis_010_1,redis_010,instantaneous_output_kbps,9.443000000000119
redis_010_2,redis_010,instantaneous_input_kbps,38.88410479256083
redis_010_2,redis_010,instantaneous_output_kbps,4.0469999999994
redis_010_3,redis_010,instantaneous_output_kbps,54.634500000001196
redis_010_3,redis_010,instantaneous_input_kbps,53.14429503407985
redis_010_3,redis_010,used_memory,23.70329813064031
redis_010_3,redis_010,mem_fragmentation_ratio,8.768499999999985
redis_010_3,redis_010,total_commands_processed,4.989990291262135
redis_010_4,redis_010,used_memory,24.65694996744085
redis_010_4,redis_010,instantaneous_input_kbps,22.647590793918912
redis_010_4,redis_010,instantaneous_output_kbps,5.39600000000012
redis_010_5,redis_010,used_memory,1363.9222716049383
redis_010_5,redis_010,instantaneous_input_kbps,38.24789722222221
redis_010_5,redis_010,instantaneous_output_kbps,19.560499999996885
redis_010_5,redis_010,total_commands_processed,6.57896923076923
redis_010_6,redis_010,instantaneous_input_kbps,27.742692991631834
redis_010_6,redis_010,used_memory,23.74046220994475
redis_010_6,redis_010,instantaneous_ops_per_sec,4.6251428571428574
redis_010_6,redis_010,used_cpu_user,3.7097499999999957
redis_010_7,redis_010,used_memory,3351.7335757575756
redis_010_7,redis_010,instantaneous_input_kbps,28.19174306269269
redis_010_7,redis_010,instantaneous_output_kbps,19.560499999996885
redis_010_7,redis_010,total_commands_processed,9.551092948717947
redis_010_7,redis_010,used_cpu_user,5.396
redis_010_8,redis_010,used_memory,2254.6470204081634
redis_010_8,redis_010,instantaneous_input_kbps,48.407419642857064
redis_010_8,redis_010,mem_fragmentation_ratio,8.768499999999985
redis_010_8,redis_010,instantaneous_output_kbps,5.73325000000018
redis_010_8,redis_010,instantaneous_ops_per_sec,3.8680510204081635
redis_010_9,redis_010,used_memory,2303.20671875
redis_010_9,redis_010,instantaneous_input_kbps,26.793154223968582
redis_010_9,redis_010,instantaneous_output_kbps,9.10575000000018
redis_010_10,redis_010,instantaneous_input_kbps,36.733661825726124
redis_010_10,redis_010,used_memory,23.473632021857924
redis_010_10,redis_010,instantaneous_output_kbps,11.24166666666624
redis_010_10,redis_010,mem_fragmentation_ratio,8.093999999999983
redis_010_11,redis_010,used_memory,2255.307755102041
redis_010_11,redis_010,instantaneous_input_kbps,33.02973337438422
redis_010_11,redis_010,instantaneous_output_kbps,10.11750000000024
redis_010_11,redis_010,mem_fragmentation_ratio,9.442999999999985
redis_010_11,redis_010,total_commands_processed,8.175055793991417
redis_011_1,redis_011,instantaneous_output_kbps,460.9083333333333
redis_011_1,redis_011,used_memory_rss,111.967
redis_011_1,redis_011,instantaneous_input_kbps,25.353151988636387
redis_011_1,redis_011,used_memory,24.667951682953312
redis_011_1,redis_011,mem_fragmentation_ratio,5.395999999999985
redis_011_2,redis_011,used_memory_rss,111.2925
redis_011_2,redis_011,instantaneous_input_kbps,24.349449999999987
redis_011_2,redis_011,used_memory,8.29615292184076
redis_011_2,redis_011,mem_fragmentation_ratio,5.395999999999985
redis_011_3,redis_011,instantaneous_output_kbps,542.9725000000001
redis_011_3,redis_011,instantaneous_input_kbps,21.816951334379887
redis_011_3,redis_011,used_memory,12.441614870784056
redis_011_3,redis_011,mem_fragmentation_ratio,8.093999999999983
redis_011_3,redis_011,used_cpu_sys,5.395999999999993
redis_011_4,redis_011,instantaneous_output_kbps,395.0321666666667
redis_011_4,redis_011,instantaneous_input_kbps,35.40105604534006
redis_011_4,redis_011,used_memory,11.996391066000868
redis_011_4,redis_011,total_commands_processed,4.098419282511211
redis_011_5,redis_011,instantaneous_output_kbps,641.4495000000001
redis_011_5,redis_011,instantaneous_input_kbps,74.400048
redis_011_5,redis_011,used_memory,25.784647702165266
redis_011_5,redis_011,mem_fragmentation_ratio,8.768499999999985
redis_011_5,redis_011,instantaneous_ops_per_sec,5.396
redis_011_6,redis_011,instantaneous_input_kbps,60.1624351648352
redis_011_6,redis_011,used_memory,23.992635692574904
redis_011_7,redis_011,instantaneous_input_kbps,31.828322155688642
redis_011_7,redis_011,used_memory,22.64129266174555
redis_011_8,redis_011,used_memory,22.37136174202959
redis_011_8,redis_011,instantaneous_input_kbps,14.310607288481144
redis_011_9,redis_011,used_memory,1678.177078125
redis_011_9,redis_011,instantaneous_input_kbps,65.99291746987954
redis_011_9,redis_011,instantaneous_output_kbps,25.125124999999976
redis_011_9,redis_011,total_commands_processed,6.6404525
redis_011_9,redis_011,instantaneous_ops_per_sec,6.381807692307692
redis_011_10,redis_011,instantaneous_input_kbps,24.71552064631957
redis_011_10,redis_011,used_memory,24.414336721166592
redis_011_11,redis_011,instantaneous_output_kbps,164.578
redis_011_11,redis_011,instantaneous_input_kbps,52.04501188299818
redis_011_11,redis_011,used_memory,23.987949630916194
redis_011_11,redis_011,mem_fragmentation_ratio,8.093999999999983
redis_011_12,redis_011,instantaneous_output_kbps,66.5506666666666
redis_011_12,redis_011,instantaneous_input_kbps,50.617419961427174
redis_011_12,redis_011,used_memory,26.646118106817195
redis_011_12,redis_011,mem_fragmentation_ratio,9.442999999999985
redis_011_12,redis_011,used_cpu_user,4.046999999999996
redis_011_13,redis_011,instantaneous_output_kbps,65.87616666666666
redis_011_13,redis_011,instantaneous_input_kbps,33.26087976190474
redis_011_13,redis_011,used_memory,24.163510633772862
redis_011_13,redis_011,mem_fragmentation_ratio,8.768499999999985
redis_011_13,redis_011,used_cpu_sys,8.093999999999992
redis_011_14,redis_011,instantaneous_input_kbps,33.837626791277266
redis_011_14,redis_011,used_memory,25.56652890975037
redis_011_15,redis_011,instantaneous_output_kbps,98.70183333333335
redis_011_15,redis_011,instantaneous_input_kbps,58.159397489539735
redis_011_15,redis_011,used_memory,23.707497680070702
redis_011_15,redis_011,mem_fragmentation_ratio,8.768499999999985
redis_011_16,redis_011,instantaneous_output_kbps,33.500166666666665
redis_011_16,redis_011,instantaneous_input_kbps,32.84142102137766
redis_011_16,redis_011,used_memory,25.558022727272725
redis_011_16,redis_011,used_cpu_user,4.046999999999996
redis_012_1,redis_012,total_commands_processed,37.0975
redis_012_2,redis_012,used_memory,5.396
redis_012_3,redis_012,instantaneous_input_kbps,5.396
redis_012_4,redis_012,instantaneous_input_kbps,7.419499999999999
redis_012_5,redis_012,instantaneous_input_kbps,6.744999999999999
redis_012_5,redis_012,instantaneous_output_kbps,4.0370808823529405
redis_012_6,redis_012,instantaneous_input_kbps,9.442999999999998
redis_012_6,redis_012,instantaneous_output_kbps,3.9924448529411762
redis_012_7,redis_012,instantaneous_input_kbps,4.047000000000001
redis_012_7,redis_012,instantaneous_output_kbps,4.0370808823529405
redis_012_8,redis_012,instantaneous_input_kbps,8.768499999999998
redis_012_8,redis_012,instantaneous_output_kbps,4.0370808823529405
redis_012_9,redis_012,instantaneous_input_kbps,4.721500000000002
redis_012_9,redis_012,instantaneous_output_kbps,4.0370808823529405
redis_012_10,redis_012,instantaneous_input_kbps,4.7215
redis_012_11,redis_012,instantaneous_output_kbps,274.5214999999998
redis_012_11,redis_012,instantaneous_input_kbps,10.792
redis_012_12,redis_012,instantaneous_output_kbps,412.1194999999997
redis_012_12,redis_012,instantaneous_input_kbps,10.1175
redis_012_13,redis_012,instantaneous_output_kbps,137.2607499999999
redis_012_13,redis_012,instantaneous_input_kbps,9.442999999999998
redis_012_14,redis_012,instantaneous_input_kbps,10.117500000000001
redis_012_14,redis_012,instantaneous_output_kbps,7.459470370370371
redis_012_15,redis_012,instantaneous_input_kbps,4.721500000000002
redis_012_15,redis_012,instantaneous_output_kbps,4.0370808823529405
redis_012_16,redis_012,instantaneous_output_kbps,9.42812132352941
redis_012_16,redis_012,instantaneous_input_kbps,3.7097500000000005
redis_012_17,redis_012,instantaneous_output_kbps,3.7159723247232472
redis_012_18,redis_012,instantaneous_input_kbps,4.271833333333333
redis_012_19,redis_012,used_memory,4.7215
